Address,Chain,
0x7acf49997e9598843cb9051389fa755969e551bb,BSC
0x6B4c7A5e3f0B99FCD83e9c089BDDD6c7FCe5c611,ETH
0x3155BA85D5F96b2d030a4966AF206230e46849cb,ETH
0x3A8cCCB969a61532d1E6005e2CE12C200caeCe87,ETH
0xc61429117038A1f13881DD7410B80771F28e06ec,ETH
0x22a31bD4cB694433B6de19e0aCC2899E553e9481,ETH
0x21ad647b8F4Fe333212e735bfC1F36B4941E6Ad2,ETH
0xe0e279ee10e3bdc9b7577f5548dd46fca2e7e111,BSC
0x88e304D8638c31DaC3336917bbE4A152927198D8,ETH
0x1f9840a85d5aF5bf1D1762F925BDADdC4201F984,ETH
0x0E09FaBB73Bd3Ade0a17ECC321fD13a19e81cE82,BSC
0x6B3595068778DD592e39A122f4f5a5cF09C90fE2,ETH
0x7Fc66500c84A76Ad7e9c93437bFc5Ac33E2DDaE9,ETH
0x6b175474e89094c44da98b954eedeac495271d0f,ETH
0x7D1AfA7B718fb893dB30A3aBc0Cfc608AaCfeBB0,ETH
0x8D983cb9388EaC77af0474fA441C4815500Cb7BB,ETH
0xD533a949740bb3306d119CC777fa900bA034cd52,ETH
0xc00e94Cb662C3520282E6f5717214004A7f26888,ETH
0x5A98FcBEA516Cf06857215779Fd812CA3beF1B32,ETH
0x495f947276749Ce646f68AC8c248420045cb7b5e,ETH
